StartDate,EndDate,Status,IPAddress,Progress,Duration (in seconds),Finished,RecordedDate,ResponseId,RecipientLastName,RecipientFirstName,RecipientEmail,ExternalReference,LocationLatitude,LocationLongitude,DistributionChannel,UserLanguage,SubID,NA_1,NA_2,NA_3,NA_4,NA_5,NA_6,NA_7,NA_8,NA_9,NA_10,PA_1,PA_2,PA_3,PA_4,PA_5,PA_6,PA_7,PA_8,PA_9,PA_10,Anx_1,Anx_2,Anx_3,Dep_1,Dep_2,Dep_3,Discrim_1,Discrim_2,Discrim_3,Discrim_4,Discrim_5,Discrim_6,Discrim_7,DailyNews,SWLS_1,SWLS_2,SWLS_3,SWLS_4,SWLS_5,SWLS_6,SelfEsteem,MIL_1,MIL_2,MIL_3,MIL_4,MIL_5,MIL_6,MIL_7,MIL_8,MIL_9,MIL_10,MIL_11,MIL_12,MIL_13, MIL_14,MIL_15,MIL_16,Suprise_1,Suprise_2,Suprise_3,Surpise_4,NN_1,NN_2,NN_3,NN_4,NN_5,NN_6,NP_1,NP_2,NP_3,NP_4,NP_5,NP_6,OP_1,OP_2,OP_3,OP_4,OP_5
11/8/20 17:56,11/8/20 18:00,0,72.191.178.10,100,253,1,11/8/20 18:00,R_1dcLS3VvOLNrtC5,,,,,31.77029419,-106.3005981,anonymous,EN,1055,1,1,1,1,1,1,1,1,1,1,3,1,2,1,1,1,1,1,1,1,1,1,1,1,1,1,0,0,0,0,0,0,0,4,5,6,6,3,5,3,5,5,5,3,3,5,3,3,2,5,5,3,2,2,5,5,2,6,3,1,4,1,0,0,2,2,0,4,3,3,3,3,3,3,2,2,2,2
11/8/20 17:57,11/8/20 18:01,0,162.206.10.181,100,223,1,11/8/20 18:01,R_24bEbjcUGYftom7,,,,,31.80450439,-105.9661026,anonymous,EN,1034,1,1,1,3,1,1,1,1,1,1,4,3,4,5,5,5,4,4,4,4,1,1,1,1,1,1,0,0,0,0,0,0,9,2,7,6,6,3,6,5,6,7,7,1,1,5,6,1,1,7,7,1,1,1,6,1,1,2,6,5,1,3,3,4,3,4,4,4,4,4,4,4,4,2,2,2,1,3
11/8/20 17:55,11/8/20 18:03,0,129.108.202.171,100,441,1,11/8/20 18:03,R_3I0RgIeMFfjPQpL,,,,,31.77749634,-106.490303,anonymous,EN,1080,1,2,1,1,1,1,2,1,1,2,,1,1,1,1,3,1,1,1,1,2,1,1,2,3,2,0,0,0,0,0,0,1,0,4,4,2,3,2,2,5,4,4,2,2,6,6,2,2,6,6,2,2,6,2,6,6,5,1,1,3,2,1,1,1,2,1,4,1,2,3,3,3,3,1,1,2,4
11/8/20 17:57,11/8/20 18:03,0,72.191.174.89,100,395,1,11/8/20 18:03,R_32Q0wCRlWhB2ZNs,,,,,31.853302,-106.4381027,anonymous,EN,1027,1,1,1,1,1,1,1,1,1,1,2,2,3,4,4,5,3,3,3,4,1,2,2,1,1,1,0,0,0,0,1,1,1,1,6,5,5,5,6,6,5,6,6,1,1,6,6,2,2,6,6,1,1,7,7,1,1,6,2,2,5,3,2,1,2,2,2,3,3,2,3,3,3,3,2,2,1,3
11/8/20 17:57,11/8/20 18:04,0,24.242.104.206,100,422,1,11/8/20 18:04,R_cUydneh4O2nPCYV,,,,,31.83779907,-106.538002,anonymous,EN,1076,1,1,1,1,1,1,1,3,2,3,1,1,1,1,1,1,1,1,1,3,1,3,1,5,4,4,0,0,0,0,0,0,0,1,4,5,3,3,5,3,5,5,4,4,4,5,5,3,3,5,5,3,3,3,4,4,4,6,4,5,4,2,1,1,0,1,0,3,3,3,3,3,3,4,2,3,3,3
11/8/20 17:56,11/8/20 18:04,0,172.58.107.127,100,477,1,11/8/20 18:04,R_3meQoTWhvEi7yqy,,,,,32.72259521,-97.07849884,anonymous,EN,1072,1,1,1,1,1,1,1,1,2,1,3,4,3,4,2,3,3,3,3,3,1,2,1,1,1,1,0,0,0,1,0,0,0,2,7,6,5,3,5,1,6,7,7,1,1,7,7,1,1,7,7,1,1,7,7,1,1,7,7,7,3,0,0,0,0,0,0,4,4,4,4,4,4,4,1,1,1,4
11/8/20 17:57,11/8/20 18:04,0,67.10.219.144,100,410,1,11/8/20 18:04,R_1CjQxFIpMqgP7tz,,,,,31.853302,-106.4381027,anonymous,EN,1075,1,1,1,1,1,1,1,1,1,1,4,4,4,4,4,4,4,4,4,4,1,1,3,1,1,1,0,0,0,0,0,1,0,1,5,7,7,3,7,6,7,7,7,1,1,6,7,3,1,7,7,1,1,3,2,5,1,6,5,2,6,1,1,1,2,2,2,1,2,2,2,2,2,4,2,2,2,4
11/8/20 17:59,11/8/20 18:04,0,177.237.20.103,100,289,1,11/8/20 18:04,R_32XUWqZh1JFSbHc,,,,,31.44960022,-106.5642014,anonymous,EN,1104,1,1,4,1,2,1,1,1,1,1,2,1,1,4,4,4,4,5,5,3,3,4,3,1,1,1,0,0,0,0,0,0,0,2,7,7,7,3,7,7,7,7,7,1,1,7,7,7,1,7,7,1,1,7,7,7,1,7,5,5,7,1,1,1,3,3,0,0,1,1,3,3,0,4,1,1,1,4
11/8/20 17:59,11/8/20 18:04,0,173.175.172.154,100,345,1,11/8/20 18:04,R_116lU3ibSiXM381,,,,,31.77749634,-106.490303,anonymous,EN,1062,2,2,1,1,3,1,1,1,1,2,1,1,2,2,2,1,1,2,1,3,3,1,4,1,2,1,0,0,0,0,0,0,0,1,3,3,5,3,3,3,6,7,7,2,2,5,3,5,5,5,7,2,2,1,6,2,2,5,2,3,5,0,0,0,1,1,1,3,4,3,3,4,4,3,2,1,1,4
11/8/20 18:01,11/8/20 18:06,0,173.175.165.230,100,315,1,11/8/20 18:06,R_paeXhcigNcmDp0B,,,,,31.77749634,-106.490303,anonymous,EN,1037,1,1,2,1,1,1,1,1,1,1,,4,5,4,4,5,2,5,5,3,2,2,2,1,1,1,0,0,0,2,0,2,10,5,7,7,7,3,6,7,5,5,5,3,3,6,6,3,3,7,6,2,2,2,2,6,6,6,5,5,4,1,0,0,0,0,3,4,4,4,4,4,4,2,2,2,2,3
11/8/20 18:00,11/8/20 18:08,0,68.73.64.70,100,434,1,11/8/20 18:08,R_aWw1mZVPQbtOU4V,,,,,31.80450439,-105.9661026,anonymous,EN,1012,3,3,2,2,2,1,2,1,2,2,2,2,2,3,3,2,3,3,2,2,3,2,3,2,3,2,0,0,0,2,0,1,6,2,6,6,6,3,5,4,2,3,3,5,5,6,5,4,2,2,2,6,6,2,2,6,6,2,7,7,2,4,4,4,4,4,4,4,4,4,4,4,4,2,3,3,3,2
11/8/20 18:02,11/8/20 18:08,0,76.209.168.136,100,377,1,11/8/20 18:08,R_28BBk2f3KBmPeC6,,,,,33.54060364,-101.8603973,anonymous,EN,1063,3,5,3,1,1,1,1,1,5,5,3,3,3,1,1,1,1,1,1,1,1,3,1,4,4,4,0,0,4,3,6,0,10,3,1,1,1,3,1,1,1,1,1,7,7,1,1,7,7,1,1,7,7,1,1,7,7,2,7,7,1,4,4,4,4,4,4,3,4,4,4,4,4,1,4,4,4,1
11/8/20 18:03,11/8/20 18:09,0,69.23.139.103,100,405,1,11/8/20 18:09,R_3Pv0BDOABPenXHb,,,,,31.83779907,-106.538002,anonymous,EN,1019,1,1,2,1,1,1,1,1,2,1,3,1,4,1,4,1,3,3,3,3,1,1,1,1,1,1,0,0,0,0,0,0,3,1,5,5,5,3,7,5,6,6,6,2,2,6,6,2,1,5,6,2,1,5,5,2,2,5,4,4,5,3,3,3,2,2,2,4,4,4,4,4,4,3,2,2,1,4
11/8/20 18:01,11/8/20 18:10,0,172.58.100.30,100,555,1,11/8/20 18:10,R_UVIZ7T6Hm4C8rGV,,,,,29.74389648,-95.60669708,anonymous,EN,1001,1,1,1,1,1,1,1,1,1,1,3,3,4,4,4,3,3,4,2,4,1,1,1,1,1,2,0,0,0,0,0,0,0,1,3,5,4,3,5,1,3,5,4,4,1,2,2,6,6,7,7,1,1,4,4,3,4,4,2,2,4,3,3,4,4,4,4,3,2,4,4,4,4,2,3,2,3,3
11/8/20 18:03,11/8/20 18:11,0,172.58.100.39,100,469,1,11/8/20 18:11,R_1NyJ4y7OfRfdrO7,,,,,29.85949707,-95.38469696,anonymous,EN,1091,3,2,1,2,1,2,1,1,1,1,3,4,4,4,3,4,4,4,4,4,2,3,3,1,1,1,0,0,0,0,0,0,8,2,6,6,5,3,5,6,2,6,6,2,2,5,5,3,3,5,6,5,2,6,6,2,2,4,5,5,1,0,0,0,0,0,0,4,3,3,4,4,2,2,2,2,2,3
11/8/20 17:58,11/8/20 18:11,0,24.170.97.181,100,786,1,11/8/20 18:11,R_1GWIhhR5E0mbuS2,,,,,31.83779907,-106.538002,anonymous,EN,1051,1,1,2,1,1,1,1,1,1,1,3,2,2,2,3,3,1,2,2,3,1,2,1,1,1,1,0,0,0,2,0,2,3,4,6,6,6,3,6,7,6,5,4,4,3,6,6,1,2,5,5,5,3,2,5,7,7,3,3,4,4,1,0,0,1,2,1,3,2,1,2,3,2,2,2,2,3,3
11/8/20 18:07,11/8/20 18:12,0,172.58.100.185,100,324,1,11/8/20 18:12,R_3L0hGH0eqHFQfpv,,,,,29.85949707,-95.38469696,anonymous,EN,1102,1,1,3,4,1,1,3,3,3,4,1,1,1,1,1,1,1,1,1,2,4,3,2,4,2,3,0,0,0,0,0,0,0,1,2,2,2,3,6,1,1,2,4,6,5,2,2,6,4,5,3,1,4,2,6,2,2,4,5,5,3,2,0,0,2,0,3,4,3,3,4,4,4,1,1,1,1,4
11/8/20 18:00,11/8/20 18:13,0,172.58.73.91,100,748,1,11/8/20 18:13,R_3PYURjiaAz3IHxt,,,,,31.77029419,-106.3005981,anonymous,EN,1089,1,1,1,1,1,2,1,1,1,1,4,1,3,1,3,3,4,1,3,3,1,2,1,1,1,1,0,0,0,0,0,0,4,3,7,7,7,3,6,5,5,6,6,1,1,5,5,1,1,6,7,2,1,6,6,2,1,4,5,5,4,2,1,2,1,1,1,3,2,2,3,3,2,2,2,2,2,3
11/8/20 18:08,11/8/20 18:15,0,24.28.161.249,100,446,1,11/8/20 18:15,R_3MfBPH8Skt4TL2E,,,,,31.66290283,-106.1371002,anonymous,EN,1048,1,1,1,1,1,1,1,1,1,1,2,2,1,3,1,1,1,2,3,1,1,1,1,1,2,2,0,0,0,0,0,0,0,0,6,6,6,3,6,5,2,5,4,3,3,6,6,2,2,5,5,4,2,4,5,3,3,5,2,2,5,0,0,0,1,1,1,1,1,0,2,2,1,1,2,2,2,3
11/8/20 18:14,11/8/20 18:19,0,107.77.231.107,100,318,1,11/8/20 18:19,R_2XoZGW110KAq6Pp,,,,,34.04469299,-118.2946014,anonymous,EN,1005,3,1,5,1,1,1,2,1,1,1,5,5,5,5,5,5,,5,1,5,5,3,1,1,1,2,0,0,0,5,0,4,10,5,6,5,5,3,5,6,2,7,7,1,1,7,7,1,6,7,7,1,1,6,7,1,1,3,4,4,4,0,0,1,1,1,1,,4,4,3,4,4,3,2,2,1,4
11/8/20 18:16,11/8/20 18:20,0,68.207.101.179,100,217,1,11/8/20 18:20,R_ROFiJCs8buQNlXr,,,,,31.66290283,-106.1371002,anonymous,EN,1038,1,1,1,1,1,1,1,1,1,1,1,1,2,2,3,4,3,4,3,2,1,1,1,1,1,,0,0,0,0,0,2,9,2,4,4,3,3,3,3,1,5,5,1,1,4,4,3,3,5,5,3,2,1,5,1,1,3,4,5,4,2,2,1,1,1,1,3,4,3,3,4,3,3,2,2,2,3
11/8/20 18:03,11/8/20 18:21,0,172.58.139.114,100,1083,1,11/8/20 18:21,R_1NFh9d9HJxB5Mp4,,,,,41.80400085,-87.70700073,anonymous,EN,1056,2,4,2,2,2,3,4,5,2,2,1,4,3,1,1,1,1,1,1,1,3,4,3,5,4,4,0,1,2,2,3,2,4,4,4,5,5,3,5,3,2,5,5,3,2,5,5,5,2,5,6,2,2,4,6,2,2,5,1,1,4,3,3,4,1,2,0,2,3,3,4,4,4,1,2,2,1,4
11/8/20 18:22,11/8/20 18:26,0,148.240.208.139,100,215,1,11/8/20 18:26,R_vlFMelIWDnk29tT,,,,,31.44960022,-106.5642014,anonymous,EN,1035,1,1,1,1,1,1,1,1,1,1,2,3,5,5,4,4,5,4,4,4,1,2,1,1,1,1,0,0,0,0,0,0,10,5,5,6,5,3,5,4,3,5,5,4,4,5,4,3,3,5,6,4,4,5,6,3,2,5,5,5,6,2,3,2,3,3,4,3,4,4,4,4,4,3,3,3,2,3
11/8/20 18:18,11/8/20 18:26,0,96.255.124.139,100,497,1,11/8/20 18:26,R_322CM3UL7iRBKLu,,,,,39.00050354,-76.97119904,anonymous,EN,1083,1,1,2,1,1,1,1,2,1,1,3,3,4,4,2,4,3,3,4,4,2,2,1,1,1,1,10,10,10,10,10,10,6,2,6,7,6,3,6,5,7,7,7,1,1,7,7,1,1,7,7,1,1,7,7,1,1,5,7,7,7,1,1,1,2,2,2,2,2,3,3,3,4,3,2,1,1,4
11/8/20 18:21,11/8/20 18:26,0,24.28.188.232,100,335,1,11/8/20 18:26,R_BS4PrC0lX066zD3,,,,,31.83779907,-106.538002,anonymous,EN,1013,2,2,4,1,1,1,3,2,2,2,3,3,3,3,2,3,4,3,3,3,3,3,1,2,3,2,0,9,0,9,0,10,10,4,3,2,3,3,2,1,3,5,2,3,4,6,5,4,3,3,3,5,5,5,4,3,4,5,5,5,5,2,1,1,1,1,1,3,3,3,3,3,3,3,3,3,2,2
11/8/20 18:23,11/8/20 18:28,0,70.117.162.196,100,272,1,11/8/20 18:28,R_1pWJesuEJsk3lkz,,,,,31.77029419,-106.3005981,anonymous,EN,1031,1,1,1,1,1,1,1,1,1,1,3,1,3,2,1,1,1,1,1,1,1,1,1,1,1,1,0,0,0,0,0,0,0,1,5,6,5,3,6,3,3,5,4,3,3,5,5,3,6,5,6,5,3,4,5,5,4,5,2,2,4,0,0,0,2,1,2,0,0,1,1,1,1,3,1,1,1,4
11/8/20 18:18,11/8/20 18:28,0,68.203.113.184,100,611,1,11/8/20 18:28,R_XZWJF33IzlTYsq5,,,,,31.93840027,-106.4033966,anonymous,EN,1043,,1,1,1,,1,1,1,1,1,3,3,4,4,4,3,3,1,3,3,1,1,1,1,1,2,0,0,0,0,0,0,4,1,4,5,5,3,6,4,7,7,7,1,1,4,4,4,1,6,7,4,1,6,7,2,2,4,4,4,4,2,2,1,3,2,1,3,3,3,3,3,2,3,2,1,1,3
11/8/20 18:23,11/8/20 18:30,0,172.58.100.212,100,424,1,11/8/20 18:30,R_z7pUd8Th8P6308p,,,,,29.74389648,-95.60669708,anonymous,EN,1050,1,1,2,3,2,1,1,1,1,2,3,4,5,5,5,5,4,5,5,5,2,1,1,1,1,1,0,0,0,0,0,0,10,1,7,4,7,3,7,7,6,7,7,1,1,7,7,1,1,7,7,1,1,7,7,1,1,7,7,7,7,2,2,2,4,4,2,4,4,4,4,4,4,3,1,1,1,4
11/8/20 18:26,11/8/20 18:32,0,104.2.137.18,100,321,1,11/8/20 18:32,R_1dMosWdIUdLCz5z,,,,,31.80450439,-105.9661026,anonymous,EN,1053,1,1,1,1,1,1,1,1,1,1,1,1,1,1,4,4,4,1,4,1,1,1,1,1,1,1,0,0,0,4,0,5,5,3,3,4,3,3,3,1,5,5,5,3,3,3,3,4,2,2,6,5,2,5,5,3,3,2,4,4,3,3,3,3,2,2,2,3,3,3,4,4,4,3,2,2,2,3
11/8/20 18:27,11/8/20 18:32,0,172.58.100.45,100,299,1,11/8/20 18:32,R_2pYkMW7z8iNL8DU,,,,,29.85949707,-95.38469696,anonymous,EN,1058,1,1,1,3,1,1,1,1,1,1,3,1,4,1,1,1,1,1,2,3,1,2,5,3,1,1,0,0,0,1,0,0,0,2,5,6,5,3,6,2,2,2,2,4,6,6,6,2,3,7,7,1,7,1,1,7,7,3,4,4,5,0,0,0,0,0,1,1,0,0,0,1,1,1,2,4,4,2
11/8/20 18:11,11/8/20 18:34,0,72.176.159.11,100,1374,1,11/8/20 18:34,R_2ctohKcbh2KODtV,,,,,31.70779419,-106.3237991,anonymous,EN,1073,1,2,1,2,3,2,1,1,1,3,4,4,3,3,3,3,4,4,2,3,2,3,4,2,3,3,0,0,0,1,0,1,6,2,3,5,3,3,6,3,6,6,6,2,2,6,6,2,3,6,6,2,2,3,5,2,2,1,2,6,3,1,1,2,2,1,0,2,3,0,4,2,3,3,2,2,1,3
11/8/20 18:27,11/8/20 18:34,0,104.180.178.107,100,406,1,11/8/20 18:34,R_0lJ8slEgBD90KfD,,,,,31.90330505,-106.4169998,anonymous,EN,1101,2,1,2,1,1,1,1,1,1,1,4,4,3,4,4,4,4,4,4,4,1,2,2,3,1,1,0,0,0,0,0,0,9,4,5,5,5,3,4,3,3,5,5,3,3,5,5,3,3,6,6,2,2,4,5,3,2,1,6,6,1,1,0,0,0,0,0,3,3,3,3,3,3,2,2,3,2,3
11/8/20 18:31,11/8/20 18:36,0,69.23.147.235,100,280,1,11/8/20 18:36,R_2EoOFlE4HQdSPO8,,,,,31.83779907,-106.538002,anonymous,EN,1023,3,2,3,1,1,1,1,1,1,3,3,4,3,3,4,4,3,4,5,4,2,3,1,1,1,1,0,0,0,0,0,0,1,5,5,4,5,3,4,7,3,2,2,,3,5,5,6,6,5,6,3,2,1,1,6,6,4,7,7,5,3,3,2,3,3,3,4,4,4,4,4,4,1,2,4,4,2
11/8/20 18:30,11/8/20 18:38,0,72.183.215.205,100,508,1,11/8/20 18:38,R_2w7avnTLMcw2UCy,,,,,31.77029419,-106.3005981,anonymous,EN,1024,3,2,2,2,3,3,2,2,2,2,3,3,3,3,2,3,3,3,3,3,2,2,3,2,2,2,0,0,0,1,0,1,7,1,5,5,5,3,4,4,1,4,4,4,4,4,4,4,4,5,5,2,3,4,4,4,4,4,4,4,4,1,1,1,1,1,4,4,4,4,4,4,3,2,2,2,2,2
11/8/20 18:36,11/8/20 18:40,0,107.242.125.22,100,240,1,11/8/20 18:40,R_1Cjd9tzJUb1ehHZ,,,,,32.72120667,-96.67649841,anonymous,EN,1002,4,4,4,1,1,1,1,1,1,1,3,3,3,1,1,4,4,4,3,3,1,4,1,5,4,4,0,0,0,0,0,0,0,1,7,7,7,3,7,7,7,7,7,1,1,7,7,1,1,6,7,1,1,7,7,1,1,5,7,5,2,2,0,0,2,2,0,1,2,1,1,4,4,2,3,3,2,3
11/8/20 18:36,11/8/20 18:43,0,68.206.108.22,100,389,1,11/8/20 18:43,R_31aaRBr9QeTK0jv,,,,,31.74319458,-106.3671036,anonymous,EN,1110,1,1,3,2,1,1,3,1,2,1,3,3,3,3,3,3,3,3,3,3,3,3,3,1,1,3,0,0,0,0,0,0,0,1,5,3,5,3,3,3,5,5,5,3,3,4,3,3,3,5,5,3,3,3,3,5,5,3,2,2,2,2,2,2,3,3,3,3,3,3,3,3,3,2,3,3,3,2
11/8/20 18:40,11/8/20 18:44,0,107.242.125.22,100,238,1,11/8/20 18:44,R_1pRsaqPCrU95OgR,,,,,32.72120667,-96.67649841,anonymous,EN,1052,2,3,1,1,2,1,2,4,1,1,1,1,3,3,1,3,1,3,3,1,1,4,1,1,1,1,0,0,0,0,0,0,0,2,7,7,7,3,7,7,7,7,7,2,1,5,6,6,1,7,6,7,1,7,7,1,1,4,3,5,5,2,1,1,2,2,0,4,3,3,2,1,2,3,2,1,1,4
11/8/20 18:38,11/8/20 18:49,0,75.46.48.29,100,637,1,11/8/20 18:49,R_3EAb7QKWioPiI3N,,,,,31.90330505,-106.4169998,anonymous,EN,1098,2,2,2,4,2,2,1,1,2,3,2,3,2,2,1,2,3,1,3,3,2,1,2,3,4,2,1,1,2,10,2,10,10,1,5,5,5,3,4,5,7,6,6,2,2,6,6,2,2,7,7,2,2,7,7,2,2,3,4,4,3,1,1,1,1,1,1,3,3,3,3,3,3,4,2,2,2,3
11/8/20 18:40,11/8/20 18:50,0,201.146.126.66,100,583,1,11/8/20 18:50,R_2Yc8k85PRlcuAs8,,,,,31.70640564,-106.3985977,anonymous,EN,1020,1,1,1,1,2,1,4,4,,1,,1,2,1,1,2,2,1,1,2,2,1,1,2,2,2,0,0,0,0,0,0,0,1,5,2,2,3,6,3,6,6,5,3,2,6,1,5,2,5,3,5,4,6,6,2,2,1,5,2,2,3,2,3,2,3,2,4,4,4,4,4,3,2,4,3,2,2
11/8/20 18:44,11/8/20 18:50,0,148.240.211.180,100,365,1,11/8/20 18:50,R_3NzgQ7WPRuB7Cc2,,,,,31.72579956,-106.4208984,anonymous,EN,1109,2,1,1,2,1,2,1,1,1,2,4,5,5,4,5,5,4,4,5,4,4,1,1,1,1,1,0,0,0,0,0,0,0,2,5,6,5,3,6,3,6,7,7,1,1,5,5,4,3,5,7,3,2,6,7,1,1,7,3,5,7,2,3,3,3,4,3,2,2,3,2,3,4,4,3,2,2,3
11/8/20 18:41,11/8/20 18:50,0,107.242.125.25,100,547,1,11/8/20 18:50,R_3iCMVOJuvwVBmQe,,,,,32.75369263,-96.83670044,anonymous,EN,1041,1,1,1,1,2,1,1,1,1,1,4,4,1,1,3,3,1,1,4,3,3,4,1,3,1,1,0,0,0,2,2,2,5,1,6,3,6,3,6,6,6,7,7,1,1,7,6,6,2,6,6,6,1,6,6,1,1,2,2,2,5,2,2,1,1,1,1,2,1,1,1,3,2,2,3,2,3,4
11/8/20 18:48,11/8/20 18:54,0,98.165.212.237,100,343,1,11/8/20 18:54,R_1Lccr23TFldk5XK,,,,,33.43800354,-111.7117996,anonymous,EN,1040,2,3,2,1,1,2,1,2,2,2,4,1,2,4,2,2,1,4,2,4,2,1,4,1,2,2,1,1,1,1,1,1,1,1,3,4,5,5,4,4,3,4,4,5,5,5,5,5,5,4,5,5,6,4,3,5,5,7,2,1,3,0,0,0,4,4,3,0,0,0,4,4,4,4,1,1,1,4
11/8/20 18:52,11/8/20 18:56,0,172.58.107.98,100,240,1,11/8/20 18:56,R_4JBgNeFpelFklIB,,,,,32.75369263,-96.83670044,anonymous,EN,1064,2,1,2,3,2,1,1,1,1,2,1,3,1,1,1,1,2,2,1,2,2,2,1,2,3,3,0,0,0,0,0,0,0,1,5,5,4,5,4,5,5,5,5,4,6,3,4,4,5,6,5,5,4,5,4,5,2,4,2,3,3,0,0,1,0,1,0,1,0,2,3,1,2,2,3,3,3,1
11/8/20 18:50,11/8/20 18:58,0,72.183.248.145,100,435,1,11/8/20 18:58,R_BDpDT5QKVyQwvzX,,,,,31.77029419,-106.3005981,anonymous,EN,1032,3,2,2,1,1,1,1,1,1,1,5,5,5,4,3,4,4,4,5,5,2,3,3,1,1,2,0,0,0,0,0,0,2,1,3,6,7,3,5,6,6,7,7,1,1,6,7,1,1,7,7,1,1,6,7,1,1,4,7,7,1,1,0,2,0,0,3,0,3,3,4,4,4,4,2,3,1,2
11/8/20 18:57,11/8/20 19:01,0,69.23.129.37,100,234,1,11/8/20 19:01,R_31ax28CQXzMoN4B,,,,,31.83779907,-106.538002,anonymous,EN,1014,1,2,2,1,1,1,1,1,1,1,3,3,4,4,3,3,3,4,2,1,1,2,1,1,1,1,0,0,0,3,0,2,4,1,6,6,7,3,5,5,6,6,6,2,1,6,6,2,2,6,7,2,2,6,6,2,2,4,3,3,4,1,1,1,1,1,1,2,2,2,3,3,2,4,2,2,2,4
11/8/20 18:55,11/8/20 19:01,0,47.234.231.114,100,410,1,11/8/20 19:01,R_3JFoT4nIOx6phuH,,,,,31.66290283,-106.1371002,anonymous,EN,1021,1,1,1,1,1,1,1,1,1,1,3,3,3,3,3,3,3,3,3,3,1,1,1,1,1,1,0,0,0,0,0,0,5,1,6,7,6,3,6,5,6,6,6,1,1,5,6,1,1,6,7,2,1,4,6,4,1,5,4,3,5,2,1,2,2,2,1,2,1,1,2,2,2,3,2,3,1,3
11/8/20 19:00,11/8/20 19:04,0,216.67.32.42,100,207,1,11/8/20 19:04,R_2YPb4e8kWcgTVw1,,,,,61.11920166,-149.892395,anonymous,EN,1090,1,1,1,1,1,1,1,1,1,1,5,2,5,4,4,4,5,4,4,5,1,1,1,1,1,1,0,1,0,2,0,1,10,2,5,6,5,3,4,3,3,5,6,3,3,5,4,3,3,6,6,3,6,5,4,3,3,5,2,2,7,2,1,1,1,1,1,4,4,3,3,3,4,3,3,3,3,3
11/8/20 19:02,11/8/20 19:07,0,108.236.252.103,100,313,1,11/8/20 19:07,R_STZcszSZA0WT6F3,,,,,31.77029419,-106.3005981,anonymous,EN,1046,1,1,1,1,1,1,1,1,1,1,3,3,2,2,1,2,2,3,1,1,1,1,1,1,1,1,0,0,0,0,0,0,1,1,6,6,6,3,5,5,4,6,6,1,1,6,6,1,1,7,7,2,1,4,5,4,4,6,5,5,6,2,1,2,2,2,2,2,2,3,3,3,2,2,2,2,2,3
11/8/20 19:01,11/8/20 19:09,0,107.211.166.234,100,441,1,11/8/20 19:09,R_3j7iHoxjN9j3YDl,,,,,31.93840027,-106.4033966,anonymous,EN,1094,1,1,1,1,2,1,1,1,1,1,3,3,3,3,3,2,3,3,3,3,1,1,1,1,1,1,0,0,0,2,0,2,5,4,5,4,5,3,5,3,3,6,6,2,2,5,5,3,3,5,5,3,3,6,6,2,2,1,5,5,1,3,2,2,0,0,3,3,3,3,3,3,3,3,2,2,2,3
11/8/20 19:01,11/8/20 19:12,0,172.58.72.206,100,608,1,11/8/20 19:12,R_bBJ89uU0IvhbRQJ,,,,,31.78990173,-106.365799,anonymous,EN,1044,1,1,1,1,1,1,1,1,1,1,3,3,3,3,4,4,4,3,4,3,2,1,1,1,1,1,0,0,0,1,0,1,1,2,6,6,6,3,5,3,5,6,6,2,2,6,6,2,2,5,6,2,2,6,6,2,2,5,1,1,5,2,2,1,3,3,2,3,3,2,3,3,3,3,2,2,2,3
11/8/20 19:08,11/8/20 19:13,0,70.120.226.36,100,313,1,11/8/20 19:13,R_2qFa4qYbrtGSRR5,,,,,31.77749634,-106.490303,anonymous,EN,1108,1,1,1,1,1,1,4,1,1,1,2,2,2,3,2,2,3,3,3,2,3,2,1,1,1,1,0,0,0,0,0,0,2,4,5,5,5,3,6,2,6,6,6,3,3,6,4,6,2,5,5,3,3,6,3,5,5,5,1,1,4,1,1,1,1,1,0,3,3,3,2,3,4,2,3,3,2,2
11/8/20 19:07,11/8/20 19:15,0,70.120.226.36,100,485,1,11/8/20 19:15,R_31XF8c2hbZ0V7rA,,,,,31.77749634,-106.490303,anonymous,EN,1105,1,1,1,1,1,1,1,1,1,1,3,4,3,3,3,3,3,3,3,3,1,1,1,1,1,1,0,0,0,0,0,0,0,1,7,6,6,2,5,5,7,7,7,1,1,6,6,1,1,6,6,1,1,6,6,1,1,5,2,2,5,1,2,1,1,1,2,2,3,3,3,3,3,4,2,2,1,4
11/8/20 19:00,11/8/20 19:20,0,68.206.244.110,100,1184,1,11/8/20 19:20,R_2QogAaql6oPPsER,,,,,31.77749634,-106.490303,anonymous,EN,1026,1,3,2,1,2,1,3,1,1,3,5,1,2,5,4,3,4,4,3,4,2,1,5,1,1,1,0,0,0,0,0,0,6,2,3,4,2,3,1,5,1,4,2,5,4,6,6,1,4,3,4,6,1,4,6,2,5,1,4,5,2,2,3,1,0,0,4,3,2,1,1,1,1,1,4,2,3,1
11/8/20 19:13,11/8/20 19:20,0,66.25.30.69,100,413,1,11/8/20 19:20,R_7TBnZKDIYzv27jX,,,,,31.66290283,-106.1371002,anonymous,EN,1061,1,1,1,1,1,1,1,1,1,1,5,2,4,5,5,5,5,5,5,5,1,1,1,1,1,1,0,0,0,0,0,2,5,5,7,7,7,3,7,7,6,7,7,1,1,7,7,1,1,7,7,1,1,7,7,1,1,7,5,5,7,2,3,3,4,4,4,4,4,4,4,4,4,3,1,1,1,4
11/8/20 19:01,11/8/20 19:24,0,72.178.51.161,100,1356,1,11/8/20 19:24,R_2v9474ftyzcQdmg,,,,,31.77029419,-106.3005981,anonymous,EN,1077,1,1,3,2,1,1,1,1,1,1,3,1,2,1,2,2,2,2,2,1,2,3,1,1,1,1,0,0,0,0,0,0,0,1,2,4,5,3,6,6,6,6,5,1,1,6,5,2,3,7,7,1,1,6,6,3,3,2,4,5,1,3,3,1,2,3,1,4,3,2,3,4,2,3,2,2,2,3
11/8/20 18:32,11/8/20 19:24,0,68.207.118.43,100,3140,1,11/8/20 19:24,R_1etIn6Y7xJDFbV6,,,,,31.66290283,-106.1371002,anonymous,EN,1810,1,1,4,4,2,1,1,1,1,3,4,4,4,5,2,4,5,5,3,4,4,4,4,3,2,2,0,0,0,0,5,4,5,4,2,2,2,3,3,4,2,4,4,4,3,6,5,3,2,6,6,2,3,4,3,5,4,3,4,4,3,3,2,3,3,3,4,3,2,2,3,3,4,2,3,3,2,3
11/8/20 19:27,11/8/20 19:31,0,173.174.238.2,100,254,1,11/8/20 19:31,R_3r2j3B4ja04UwIQ,,,,,29.35820007,-98.42900085,anonymous,EN,1086,1,1,1,1,1,1,1,1,1,1,3,3,4,4,5,5,5,4,5,4,1,1,1,1,1,1,0,0,0,0,0,0,0,5,7,6,6,3,6,3,6,6,6,1,1,5,4,5,2,5,6,4,2,2,6,2,2,4,5,6,3,3,2,2,1,1,2,3,3,3,3,3,3,3,1,1,1,4
11/8/20 19:29,11/8/20 19:34,0,72.181.70.19,100,269,1,11/8/20 19:34,R_1Cp5MrSZwHGfmy8,,,,,31.66290283,-106.1371002,anonymous,EN,1043,1,1,2,2,1,1,1,1,1,1,2,4,4,2,3,3,4,4,3,3,1,2,1,1,2,1,0,0,0,0,0,0,0,5,6,6,6,3,6,6,5,6,6,1,1,6,6,1,,6,6,1,1,6,6,1,1,5,6,6,4,2,2,3,3,2,4,4,4,4,3,4,4,4,3,2,1,4
11/8/20 19:29,11/8/20 19:40,0,189.248.49.85,100,693,1,11/8/20 19:40,R_2WA1Rbap4V4HYu5,,,,,31.59869385,-106.436203,anonymous,EN,1036,1,1,1,1,1,1,1,1,1,1,4,1,1,2,2,3,2,1,2,3,1,1,1,1,1,1,0,0,0,0,0,0,1,1,5,5,6,3,5,6,6,6,6,1,1,5,5,2,1,5,5,2,1,4,7,1,1,7,3,5,7,0,1,0,0,1,0,2,2,1,3,3,4,4,3,2,1,4
11/8/20 19:02,11/8/20 19:41,0,72.183.208.235,100,2309,1,11/8/20 19:41,R_2E5LUxFylMI4piQ,,,,,31.77029419,-106.3005981,anonymous,EN,1066,1,2,2,1,2,1,2,2,3,2,3,4,3,4,4,4,3,5,1,3,2,2,2,1,2,2,0,0,0,8,0,10,10,3,6,6,7,3,7,7,5,7,7,1,1,6,6,2,1,6,6,1,1,4,7,1,1,5,5,5,6,2,3,1,2,1,0,3,2,3,4,3,1,4,1,3,4,3
11/8/20 19:40,11/8/20 19:44,0,45.26.138.228,100,250,1,11/8/20 19:44,R_rkHf2hxINl3cBuF,,,,,31.80450439,-105.9661026,anonymous,EN,1057,1,1,1,1,1,1,1,1,2,1,2,3,3,2,3,3,3,4,3,3,1,2,1,1,1,1,0,0,0,0,0,0,2,0,7,7,7,3,,7,7,7,7,1,1,5,5,3,3,5,6,2,2,5,6,2,2,4,2,2,5,1,0,0,1,1,1,2,2,1,2,3,3,3,2,2,2,3
11/8/20 19:38,11/8/20 19:45,0,68.201.55.19,100,399,1,11/8/20 19:45,R_2Uf1KDqJNLinL2i,,,,,31.77749634,-106.490303,anonymous,EN,1054,1,1,1,1,1,1,1,1,1,1,2,2,2,2,3,2,3,2,3,4,1,1,1,1,1,1,0,0,0,0,0,0,0,0,7,7,7,3,6,5,7,7,7,1,1,6,6,1,1,7,4,1,1,7,7,1,1,4,7,6,5,1,3,1,3,3,2,1,2,1,2,2,2,4,2,2,1,4
11/8/20 19:49,11/8/20 19:54,0,208.167.242.94,100,277,1,11/8/20 19:54,R_3Hi4MhA48OKMTaW,,,,,37.75100708,-97.8219986,anonymous,EN,1078,5,5,1,1,5,3,1,5,5,5,1,2,1,5,1,1,1,1,1,3,5,5,4,,5,5,0,0,0,9,0,8,10,0,7,7,7,3,7,1,7,7,7,1,1,7,7,1,1,6,7,1,1,7,7,1,1,1,7,7,1,1,0,1,1,1,1,4,4,4,4,4,4,4,1,1,1,4
11/8/20 19:46,11/8/20 20:03,0,173.172.206.57,100,1050,1,11/8/20 20:03,R_6h7ZkTgFwV4GA6t,,,,,31.77029419,-106.3005981,anonymous,EN,1016,1,1,2,1,1,1,1,1,1,1,4,1,1,2,1,2,1,2,3,3,1,1,1,1,1,1,0,0,0,0,0,0,0,1,5,5,3,3,6,5,1,5,3,5,5,6,6,2,3,2,3,6,5,1,1,7,7,5,3,3,6,0,0,0,0,0,0,1,2,1,2,2,3,3,2,2,2,3
11/8/20 19:59,11/8/20 20:06,0,24.92.116.202,100,417,1,11/8/20 20:06,R_2WvF3VPX0xSVTUd,,,,,31.77029419,-106.3005981,anonymous,EN,1100,1,1,1,1,1,1,1,1,1,1,1,1,1,1,1,1,1,1,1,1,1,1,1,1,1,1,0,0,0,0,0,0,0,0,7,7,7,3,7,7,7,7,7,1,1,6,6,1,1,6,7,1,1,7,7,1,1,1,7,7,1,0,2,2,2,2,2,2,2,2,4,4,2,4,1,1,1,4
11/8/20 20:13,11/8/20 20:20,0,172.58.72.61,100,417,1,11/8/20 20:20,R_paTG4WRF3k5RCH7,,,,,31.78990173,-106.365799,anonymous,EN,1069,1,1,1,1,1,1,1,1,1,1,2,2,2,2,3,2,2,2,1,2,1,1,1,1,1,1,0,0,0,0,0,0,2,0,5,4,3,3,4,4,5,5,5,4,3,5,5,4,4,5,6,5,3,4,5,4,4,2,2,3,1,2,2,2,3,3,2,0,1,1,2,2,2,1,3,2,2,3
11/8/20 20:17,11/8/20 20:21,0,23.127.245.76,100,261,1,11/8/20 20:21,R_2WO1H2DrC7RpHrU,,,,,31.83779907,-106.538002,anonymous,EN,1003,1,1,1,1,1,1,1,1,1,1,3,1,3,3,2,2,2,2,2,3,1,1,1,1,1,1,0,0,0,0,0,0,2,1,3,3,5,3,4,2,6,5,5,3,3,5,5,3,3,3,5,5,4,5,5,3,3,4,2,2,4,2,2,1,1,1,2,3,2,2,2,2,2,3,2,2,2,3
11/8/20 20:36,11/8/20 20:41,0,24.243.29.221,100,350,1,11/8/20 20:41,R_1jm78xfnJ7n2qAG,,,,,31.78990173,-106.365799,anonymous,EN,1082,3,4,3,2,4,2,1,1,2,3,1,2,2,2,1,1,1,1,1,1,4,4,3,1,3,3,0,0,0,0,0,0,3,2,5,4,5,3,3,4,3,5,5,2,1,5,4,3,2,5,4,6,3,5,5,2,1,6,7,6,4,2,1,3,2,1,3,4,3,4,4,4,4,3,3,3,4,2
11/8/20 20:35,11/8/20 20:43,0,107.77.231.93,100,465,1,11/8/20 20:43,R_2y8xaYdvqABByt9,,,,,34.04469299,-118.2946014,anonymous,EN,1097,1,1,1,1,1,1,1,1,1,1,5,5,5,1,5,5,1,5,5,5,1,1,1,1,1,1,0,0,0,0,0,0,0,0,6,7,7,2,7,7,7,6,6,6,1,6,7,6,1,6,7,6,2,2,2,2,1,1,1,1,1,0,0,0,0,0,0,0,0,0,0,0,0,2,2,3,3,3
11/8/20 20:44,11/8/20 20:50,0,24.242.117.55,100,351,1,11/8/20 20:50,R_3LihuWYrIl6oaJ4,,,,,31.83779907,-106.538002,anonymous,EN,1081,1,2,2,4,1,1,1,1,1,2,3,2,1,4,4,2,3,2,4,2,1,1,3,2,1,1,0,0,0,1,2,1,3,1,5,6,3,3,2,6,5,5,6,3,5,2,2,6,6,2,5,7,6,5,5,5,4,6,1,1,7,0,0,0,0,0,2,3,4,3,4,4,3,3,2,2,2,4
11/8/20 21:05,11/8/20 21:10,0,104.180.178.181,100,289,1,11/8/20 21:10,R_2roxIpUgNjguKuG,,,,,31.90330505,-106.4169998,anonymous,EN,1008,1,1,5,5,5,,1,1,4,3,2,3,4,3,2,5,2,3,3,1,5,5,5,5,4,1,0,0,0,0,0,0,0,2,5,4,3,3,5,3,1,3,3,5,5,5,5,3,3,6,6,3,3,3,3,5,5,3,5,5,5,1,1,1,1,1,2,4,4,4,4,4,4,2,3,3,3,2
11/8/20 21:02,11/8/20 21:11,0,68.203.115.112,100,569,1,11/8/20 21:11,R_3R2SVJZs22aIPZc,,,,,31.90330505,-106.4169998,anonymous,EN,1084,3,3,3,4,4,4,3,1,2,4,2,3,3,3,3,2,3,2,1,3,3,4,3,3,4,3,0,0,0,1,0,1,3,3,5,5,5,3,5,5,3,6,6,1,1,5,6,1,1,6,6,1,1,4,6,1,6,4,6,6,2,2,2,2,2,2,2,3,3,4,4,4,4,4,2,2,2,4
11/8/20 21:27,11/8/20 21:33,0,24.242.116.64,100,332,1,11/8/20 21:33,R_elhFUePbQFPgAAp,,,,,31.83779907,-106.538002,anonymous,EN,1067,1,2,1,1,1,1,1,1,1,2,1,4,1,4,3,4,2,5,2,2,1,1,1,1,1,1,0,0,0,0,2,0,4,1,4,3,4,3,3,6,2,3,3,5,5,3,1,7,6,5,6,6,1,7,2,5,6,2,7,4,3,0,0,0,0,0,3,4,4,4,4,4,1,3,2,2,1,4
11/8/20 21:13,11/8/20 21:37,0,24.162.199.153,100,1424,1,11/8/20 21:37,R_OAPXOeokOQwq0WR,,,,,31.77029419,-106.3005981,anonymous,EN,1065,3,3,4,5,3,3,1,1,3,5,3,3,2,3,2,3,2,3,2,2,5,3,3,4,4,2,0,0,0,2,0,0,2,1,2,3,2,3,6,4,4,5,5,2,2,2,2,2,5,5,7,2,2,6,2,6,6,4,5,5,3,3,1,1,2,2,2,4,4,4,4,4,4,2,3,3,3,3
11/8/20 21:33,11/8/20 21:38,0,99.184.180.71,100,303,1,11/8/20 21:38,R_2diiqkgEf3OYUDZ,,,,,31.66290283,-106.1371002,anonymous,EN,1033,1,1,1,1,1,1,1,1,2,1,1,1,1,1,1,1,1,1,1,1,1,2,1,1,1,1,0,0,0,0,0,0,3,3,5,5,5,3,5,1,6,5,5,2,2,5,5,2,2,5,5,3,2,3,5,3,2,5,4,2,4,1,0,2,1,0,0,1,0,3,2,3,1,2,3,2,3,3
11/8/20 21:30,11/8/20 21:40,0,174.246.130.191,100,632,1,11/8/20 21:40,R_1dAceVDyA1lWF3e,,,,,32.89639282,-96.8635025,anonymous,EN,1088,3,3,4,2,4,3,1,1,1,3,5,5,5,4,5,4,2,4,5,3,4,4,3,1,1,1,0,0,0,2,0,2,5,2,7,7,6,2,6,7,6,5,6,3,5,7,4,2,5,6,7,3,2,4,5,4,3,4,5,5,6,1,1,0,3,0,0,3,3,1,2,3,0,3,2,2,2,3
11/8/20 21:35,11/8/20 21:51,0,173.175.131.55,100,981,1,11/8/20 21:51,R_UxYWmO7VzP9to6l,,,,,31.78990173,-106.365799,anonymous,EN,1010,5,4,2,2,3,2,1,1,2,2,1,4,2,1,1,1,2,1,1,1,3,4,4,3,5,2,7,5,6,6,6,7,8,1,5,5,6,3,4,3,5,6,6,1,2,5,5,5,5,5,6,4,4,6,7,4,2,2,3,2,3,1,2,2,2,2,2,3,3,3,4,4,2,3,3,3,3,2
11/8/20 21:45,11/8/20 21:51,0,70.117.167.223,100,400,1,11/8/20 21:51,R_1dLdTFfKFq9bGrE,,,,,31.77029419,-106.3005981,anonymous,EN,1017,1,3,3,1,4,1,1,1,4,1,4,4,3,4,1,3,1,4,1,4,4,3,1,1,2,1,0,0,0,0,0,0,0,1,5,2,2,3,5,2,6,7,7,1,1,2,6,6,6,5,7,3,2,1,7,1,1,1,7,7,1,0,0,0,1,1,1,2,3,3,4,4,3,4,3,4,2,4
11/8/20 21:51,11/8/20 21:56,0,68.201.55.19,100,301,1,11/8/20 21:56,R_3iQkblgtDEG26nw,,,,,31.77749634,-106.490303,anonymous,EN,1074,1,1,1,1,1,1,1,1,1,1,4,4,4,4,5,5,5,4,4,4,1,3,3,1,1,1,0,0,0,0,0,0,4,5,6,7,6,3,6,6,7,7,6,1,1,6,6,1,1,6,6,1,1,6,6,1,1,1,7,7,1,1,1,1,0,0,0,4,3,3,2,4,3,4,3,2,2,4
11/8/20 20:31,11/8/20 21:58,0,68.207.107.87,100,5197,1,11/8/20 21:58,R_1hyc62Fu8G3mGqI,,,,,31.66290283,-106.1371002,anonymous,EN,1099,2,2,5,5,2,2,,2,2,2,4,4,4,4,4,4,4,4,1,,4,5,4,3,4,3,4,0,0,0,5,0,6,1,5,6,5,5,7,6,5,6,6,3,3,5,4,5,1,7,6,1,1,4,5,3,3,7,5,6,3,3,3,4,4,,3,2,4,1,4,4,3,3,2,2,3,1
11/8/20 21:54,11/8/20 21:59,0,173.175.157.102,100,309,1,11/8/20 21:59,R_3fC4Y3afwiIiIdz,,,,,31.78990173,-106.365799,anonymous,EN,1004,3,1,3,1,1,1,1,1,1,1,1,1,2,2,2,1,1,2,1,2,3,2,1,1,1,1,0,0,0,0,0,1,4,1,5,5,4,3,5,3,7,5,5,3,3,6,6,2,1,7,7,1,1,2,2,6,6,3,3,2,4,3,3,3,2,1,2,3,2,2,4,4,4,3,2,1,1,4
11/8/20 22:05,11/8/20 22:11,0,172.58.77.31,100,368,1,11/8/20 22:11,R_2AHymOZ8b5vfROq,,,,,40.65660095,-111.8907013,anonymous,EN,1095,1,1,1,1,1,1,4,1,1,1,1,1,1,1,,1,1,1,1,1,1,1,1,1,1,1,0,0,0,0,0,0,0,2,6,2,4,3,4,7,7,6,6,2,2,6,6,2,2,6,6,2,2,4,4,4,4,2,2,5,4,1,2,0,0,0,1,4,4,2,2,2,2,2,4,3,4,1
11/8/20 22:17,11/8/20 22:24,0,24.162.200.37,100,443,1,11/8/20 22:24,R_1cRK4miyMXxANaZ,,,,,31.75579834,-106.4695969,anonymous,EN,1096,1,1,5,1,3,1,1,1,1,1,1,1,1,2,3,4,1,3,3,2,2,2,1,1,1,1,0,0,0,1,0,1,2,2,5,5,5,3,6,5,3,5,5,2,2,5,5,2,2,6,6,1,1,5,4,4,4,1,7,7,2,2,1,1,2,2,2,3,3,3,4,4,4,2,2,2,3,3
11/8/20 20:15,11/8/20 22:36,0,70.230.109.83,100,8432,1,11/8/20 22:36,R_1K1lRAllDoZURAp,,,,,31.78990173,-106.365799,anonymous,EN,1071,4,1,3,2,2,2,3,3,2,3,3,2,3,3,3,1,1,4,1,3,1,3,3,2,2,3,0,0,0,0,0,1,3,1,3,5,5,3,5,5,6,5,6,3,2,5,2,3,2,6,6,5,2,6,6,3,2,5,3,4,5,2,3,1,1,2,3,0,1,1,3,3,3,1,2,2,1,3
11/8/20 22:31,11/8/20 22:37,0,24.28.190.5,100,389,1,11/8/20 22:37,R_eYh4mT1Ya8OJz2N,,,,,31.83779907,-106.538002,anonymous,EN,1007,1,1,1,1,1,1,1,1,1,1,1,3,3,4,4,4,3,4,4,3,1,1,1,1,1,1,0,0,0,0,0,0,3,2,4,4,6,3,4,6,4,5,5,3,3,5,5,3,3,6,6,4,2,4,5,4,2,6,1,1,6,2,2,3,3,3,2,3,2,2,2,3,2,2,3,3,2,4
11/8/20 22:36,11/8/20 22:41,0,172.1.112.14,100,312,1,11/8/20 22:41,R_55cdCMxfn5UTWlb,,,,,31.77029419,-106.3005981,anonymous,EN,1079,1,1,1,1,1,1,1,1,1,1,3,2,2,2,3,4,3,3,3,3,1,1,,1,1,1,0,0,0,0,0,0,1,2,4,6,5,3,4,4,6,6,6,2,2,6,6,4,2,4,5,3,3,6,6,2,2,5,3,3,4,2,2,2,2,2,2,3,3,3,3,3,3,3,2,2,2,3
11/8/20 22:41,11/8/20 22:50,0,98.156.244.21,100,542,1,11/8/20 22:50,R_3Ej6LdPX6Rvhf2X,,,,,31.66290283,-106.1371002,anonymous,EN,1015,1,1,1,1,1,1,1,1,3,1,2,2,2,2,1,1,1,2,1,1,1,3,1,1,4,2,0,0,0,3,0,0,5,2,5,6,5,3,5,6,3,6,6,2,2,6,6,2,1,5,6,2,2,4,6,2,2,1,5,6,4,2,2,2,1,1,1,3,3,2,3,3,4,3,2,1,1,4
11/8/20 22:46,11/8/20 22:52,0,68.207.101.226,100,371,1,11/8/20 22:52,R_268rr9HahFdvJL0,,,,,31.66290283,-106.1371002,anonymous,EN,1106,1,2,2,1,1,1,3,1,1,3,2,1,1,3,3,2,3,4,4,3,2,2,1,1,1,1,0,0,0,0,0,0,8,2,5,6,6,3,6,6,6,6,5,2,2,5,5,5,5,5,6,4,2,5,6,5,5,1,3,2,1,2,1,1,1,0,3,3,4,4,4,4,4,2,3,3,3,3
11/8/20 22:46,11/8/20 22:54,0,24.28.169.47,100,479,1,11/8/20 22:54,R_3oAUojgfc4revuu,,,,,31.83779907,-106.538002,anonymous,EN,1009,1,2,1,1,1,1,1,3,1,1,1,1,2,2,1,2,1,2,2,3,2,1,2,2,2,1,0,0,0,0,0,0,0,0,5,5,6,3,5,6,3,5,4,4,3,5,5,3,4,6,6,3,3,4,5,4,3,3,5,5,2,1,0,1,2,2,0,3,3,2,3,4,1,3,3,2,3,2
11/8/20 22:54,11/8/20 22:58,0,24.242.117.200,100,256,1,11/8/20 22:58,R_3r2NRgXwkQQzEs6,,,,,31.83779907,-106.538002,anonymous,EN,1030,1,1,1,1,1,1,1,1,1,1,1,2,2,4,3,3,4,2,1,2,1,1,1,1,1,1,0,0,0,0,0,0,0,3,6,7,7,3,6,6,6,7,7,1,1,6,6,1,1,6,6,1,1,6,6,1,1,4,4,4,3,0,1,1,1,1,1,2,3,3,3,3,2,3,2,2,2,3
11/8/20 22:48,11/8/20 22:59,0,24.170.97.181,100,646,1,11/8/20 22:59,R_1EYyXVFqMeYTLug,,,,,31.83779907,-106.538002,anonymous,EN,1060,2,1,1,1,1,1,2,1,3,2,1,1,1,1,1,1,1,1,1,1,2,3,1,1,3,3,0,0,0,0,0,0,0,1,5,6,5,3,4,2,3,5,5,2,2,2,4,2,2,2,6,2,2,5,5,2,2,5,2,2,5,1,1,0,1,2,1,3,3,3,3,3,1,2,3,3,3,3
11/8/20 23:34,11/8/20 23:38,0,24.242.98.123,100,212,1,11/8/20 23:38,R_yPU1utjAcYZPmmd,,,,,31.83779907,-106.538002,anonymous,EN,1092,1,1,1,1,1,1,1,1,1,1,2,1,3,1,3,3,3,3,3,3,1,1,3,1,2,1,0,0,0,0,0,0,0,2,5,6,6,3,6,5,4,5,6,2,2,4,3,4,4,6,5,4,3,4,5,3,2,4,2,2,3,1,0,0,1,1,2,2,2,3,3,3,3,2,3,3,3,2
11/8/20 23:31,11/8/20 23:38,0,72.183.217.98,100,420,1,11/8/20 23:38,R_3CZVWZ85llqtkhz,,,,,31.80450439,-105.9661026,anonymous,EN,1039,1,2,2,3,1,1,1,1,1,2,2,2,3,4,5,4,5,4,4,5,2,2,1,1,1,1,0,0,0,1,0,2,2,4,2,4,4,3,3,2,3,4,3,4,4,1,2,6,6,3,4,3,7,4,4,4,4,2,6,6,1,4,2,2,3,3,4,2,2,3,3,4,4,1,4,4,2,1
11/8/20 23:34,11/8/20 23:41,0,172.5.108.163,100,403,1,11/8/20 23:41,R_1F3MzvKSuZRKSde,,,,,31.78990173,-106.365799,anonymous,EN,1068,1,2,1,2,1,1,1,1,1,1,3,5,5,3,4,4,3,4,5,4,3,3,1,1,1,1,0,0,0,0,0,2,4,1,5,5,6,3,6,3,6,6,6,1,1,6,5,4,2,5,5,3,3,6,6,2,2,5,4,3,5,1,2,1,2,1,2,2,2,3,4,4,3,3,1,2,2,3
11/8/20 23:34,11/8/20 23:41,0,67.10.108.176,100,451,1,11/8/20 23:41,R_3jeSy36bX3srdhK,,,,,31.853302,-106.4381027,anonymous,EN,1085,1,1,1,1,1,1,1,1,1,1,3,2,3,3,3,2,4,3,2,3,1,1,1,1,1,1,0,0,0,0,0,0,0,2,7,7,7,3,7,7,7,7,7,1,1,7,7,1,1,7,7,1,1,7,7,1,1,1,1,1,1,4,4,4,4,4,4,4,4,4,4,4,4,4,1,1,1,4
11/8/20 23:46,11/8/20 23:50,0,70.112.58.117,100,242,1,11/8/20 23:50,R_2OUvI0obBenq3DO,,,,,31.77749634,-106.490303,anonymous,EN,1087,2,2,2,1,1,1,1,1,1,1,3,4,4,3,3,3,1,3,1,2,2,2,2,3,1,1,0,0,0,0,0,4,5,3,6,5,5,3,5,4,5,5,3,4,4,5,5,4,4,5,5,4,4,5,5,4,4,4,3,3,4,0,0,0,0,0,0,2,2,2,2,2,2,3,2,2,3,3
11/8/20 23:34,11/8/20 23:54,0,45.16.215.238,100,1170,1,11/8/20 23:54,R_29ahKAPB4mee2nP,,,,,31.78990173,-106.365799,anonymous,EN,1093,1,1,1,1,1,1,1,1,1,1,1,1,1,1,4,2,1,2,3,1,2,1,1,2,1,1,0,0,0,2,0,2,7,3,4,3,1,3,5,2,1,2,2,6,6,5,5,1,7,7,7,1,1,1,1,7,7,5,3,3,6,2,1,1,0,1,4,3,3,3,3,3,4,1,4,4,4,1
11/8/20 23:47,11/8/20 23:57,0,68.203.113.184,100,611,1,11/8/20 23:57,R_323ASfLoVl4Rsvu,,,,,31.90330505,-106.4169998,anonymous,EN,1042,2,1,2,2,1,1,1,1,1,2,4,4,4,4,4,3,3,4,3,3,2,1,3,1,2,1,0,0,0,3,0,8,10,2,4,6,4,3,6,4,7,7,7,1,1,4,4,4,2,6,6,2,1,1,7,1,1,2,3,3,3,3,1,1,2,2,0,4,4,3,4,4,3,3,2,2,3,3
11/9/20 0:02,11/9/20 0:08,0,72.176.159.11,100,406,1,11/9/20 0:08,R_2xWAuyOI8x7GnDm,,,,,31.70779419,-106.3237991,anonymous,EN,1022,2,3,1,1,3,1,2,1,1,2,1,1,1,1,1,1,1,1,1,1,2,2,2,3,3,1,0,0,0,1,0,0,2,3,6,4,4,3,6,3,3,7,7,1,1,5,5,2,1,6,6,1,1,7,7,1,1,7,1,1,7,1,1,0,1,3,2,3,3,2,4,4,2,4,2,2,2,4
11/9/20 0:26,11/9/20 0:32,0,70.117.163.1,100,340,1,11/9/20 0:32,R_2dtlDQ1nX301voA,,,,,31.77029419,-106.3005981,anonymous,EN,1059,1,1,1,2,1,1,1,1,1,,3,4,1,5,4,4,4,4,4,4,3,2,1,1,1,2,0,0,0,0,0,0,0,1,7,6,7,3,6,6,6,7,7,1,1,6,6,1,1,6,6,1,1,7,7,1,1,3,2,2,6,3,2,3,2,3,2,2,2,2,3,4,4,3,2,1,1,4
11/9/20 0:41,11/9/20 0:51,0,72.183.220.16,100,575,1,11/9/20 0:51,R_2B4poxxzER65J7A,,,,,31.80450439,-105.9661026,anonymous,EN,1107,1,1,3,2,2,3,1,1,2,2,3,4,3,2,3,4,1,4,4,3,4,1,2,1,1,1,0,0,0,8,8,10,7,5,5,5,6,3,6,6,5,7,7,1,1,5,5,3,2,7,7,1,1,6,6,2,2,5,5,5,5,2,3,3,2,2,3,3,3,4,4,4,4,2,2,3,2,3
11/9/20 0:50,11/9/20 0:57,0,70.120.227.69,100,446,1,11/9/20 0:57,R_3ly57nrxUMvBTdT,,,,,31.77749634,-106.490303,anonymous,EN,1047,1,1,4,5,1,1,1,1,2,2,2,2,2,2,2,1,2,3,1,2,5,4,4,4,3,4,0,0,0,0,0,0,0,0,3,3,5,3,5,4,3,5,5,3,3,5,3,5,6,5,5,5,5,4,4,4,3,1,5,5,1,0,0,0,0,0,0,4,4,4,3,3,2,3,2,2,3,3
11/9/20 1:35,11/9/20 1:41,0,174.238.144.62,100,361,1,11/9/20 1:41,R_2tDQJCn71nBO0d6,,,,,33.63619995,-112.0907974,anonymous,EN,1025,3,2,2,1,5,2,1,1,5,3,1,1,1,1,1,1,1,1,1,1,2,1,4,2,2,1,1,0,2,0,3,1,1,0,3,5,4,3,5,4,2,4,3,4,4,5,5,4,5,5,4,5,4,5,2,5,5,2,5,6,1,0,0,0,0,0,0,0,2,2,0,1,2,2,3,4,3,2
11/9/20 1:49,11/9/20 1:55,0,173.175.185.60,100,409,1,11/9/20 1:55,R_1Qu9gLRGZn9BBSO,,,,,31.77029419,-106.3005981,anonymous,EN,1049,1,1,2,1,2,1,1,1,2,1,2,4,4,2,3,3,3,3,1,3,2,1,1,1,1,1,0,0,0,0,0,0,0,0,4,5,4,3,5,3,4,6,6,2,2,5,4,3,3,5,6,2,2,2,5,2,2,2,1,2,2,1,1,1,2,2,2,2,2,1,2,2,2,3,1,1,1,3
11/9/20 1:52,11/9/20 1:57,0,24.242.2.209,100,341,1,11/9/20 1:57,R_2QPW9WOTSS9rAKn,,,,,31.70779419,-106.3237991,anonymous,EN,1006,2,,1,1,1,1,1,1,2,,1,1,3,2,2,1,2,3,1,2,1,2,5,3,3,2,0,0,0,5,5,10,3,3,3,4,6,3,3,3,2,7,7,1,1,2,3,5,4,6,6,2,2,4,6,4,2,5,7,5,7,2,1,4,4,4,4,2,3,4,4,4,4,3,3,2,1,2
11/8/20 18:01,11/9/20 4:42,0,189.244.110.103,100,38456,1,11/9/20 4:42,R_3iFskIvVbMioi4K,,,,,25.54789734,-103.3899002,anonymous,EN,1045,1,2,2,3,3,2,2,2,1,1,5,2,1,2,2,1,3,2,2,1,2,1,3,2,2,1,0,0,0,0,0,0,0,1,7,5,7,3,7,4,7,7,7,1,1,5,5,3,4,7,7,3,2,4,7,3,7,5,3,1,5,4,3,3,1,4,3,4,4,2,4,2,3,2,3,4,4,4
11/8/20 18:49,11/8/20 19:02,0,72.183.208.235,53,730,0,11/9/20 8:38,R_z6eE1IPWXwrus6d,,,,,,,anonymous,EN,1066,2,1,,,,1,1,2,,1,3,3,4,4,,3,3,2,,,,2,,1,1,1,,,,,,,,,,,,,,,,,,,,,,,,,,,,,,,,,,,,,,,,,,,,,,,,,,,,